ALT,SRC
monkaS,https://emoji.gg/assets/emoji/monkaS.png
KMS,https://emoji.gg/assets/emoji/PepeKMS.png
Hands,https://emoji.gg/assets/emoji/PepeHands.png
MonkaChrist,https://emoji.gg/assets/emoji/MonkaChrist.png
Happy,https://emoji.gg/assets/emoji/PepeHappy.png
Ping,https://emoji.gg/assets/emoji/PeepoPing.png
OK,https://emoji.gg/assets/emoji/pepeOK.png
WokePepe,https://emoji.gg/assets/emoji/WokePepe.png
monkaHmm,https://emoji.gg/assets/emoji/monkaHmm.png
Stab,https://emoji.gg/assets/emoji/monkaStab.png
FeelsBanMan,https://emoji.gg/assets/emoji/FeelsBanMan.png
Panties,https://emoji.gg/assets/emoji/peepoPANTIES.png
MonkaWae,https://emoji.gg/assets/emoji/MonkaWae.png
festivepepe,https://emoji.gg/assets/emoji/festivepepe.png
Yikes,https://emoji.gg/assets/emoji/PepeYikes.png
hype,https://emoji.gg/assets/emoji/7190_linkpepehype.png
pepe,https://emoji.gg/assets/emoji/9791_pepe.png
Pepepunch,https://emoji.gg/assets/emoji/9294_Pepepunch.png
Among_Us_Pepe,https://emoji.gg/assets/emoji/1038_Among_Us_Pepe.png
pepegod,https://emoji.gg/assets/emoji/4766_pepegod.png
SadSupremePepe,https://emoji.gg/assets/emoji/5604_SadSupremePepe.png
feelssickman,https://emoji.gg/assets/emoji/9751_feelssickman.png
pretty_pepe_puke,https://emoji.gg/assets/emoji/7038_pretty_pepe_puke.png
wojak_pepe_hoodie,https://emoji.gg/assets/emoji/1235_wojak_pepe_hoodie.png
PeePeeHands,https://emoji.gg/assets/emoji/1540_PeePeeHands.png
Pepe_Comfy,https://emoji.gg/assets/emoji/1349_Pepe_Comfy.png
Pepe_Box,https://emoji.gg/assets/emoji/1907_Pepe_Box.png
Pepe_King,https://emoji.gg/assets/emoji/8934_Pepe_King.png
suspepe,https://emoji.gg/assets/emoji/3040_suspepe.png
PepeGrill,https://emoji.gg/assets/emoji/PepeGrill.png
ShrekStare,https://emoji.gg/assets/emoji/4379_ShrekStare.png
bonk,https://emoji.gg/assets/emoji/3416-bonk.png
boomer,https://emoji.gg/assets/emoji/4312-boomer.gif
kermitwot,https://emoji.gg/assets/emoji/6435-kermitwot.png
PogChamp,https://emoji.gg/assets/emoji/PogChamp.png
KEKW,https://emoji.gg/assets/emoji/7529_KEKW.png
knowledge,https://emoji.gg/assets/emoji/5394_knowledge.png
CryingMan,https://emoji.gg/assets/emoji/1477_CryingMan.png
kappa,https://emoji.gg/assets/emoji/kappa.png
WeirdChamp,https://emoji.gg/assets/emoji/1635_WeirdChamp.png
not_stonks,https://emoji.gg/assets/emoji/5139_not_stonks.png
poggers,https://emoji.gg/assets/emoji/4586_poggers.png
crythumbsup,https://emoji.gg/assets/emoji/5163-95-crythumbsup.png
YellingWoman,https://emoji.gg/assets/emoji/2951_YellingWoman.png
kekw,https://emoji.gg/assets/emoji/5658_kekw.png
Pog,https://emoji.gg/assets/emoji/4062_Pog.png
OmegaLUL,https://emoji.gg/assets/emoji/GWjiangoOmegaLUL.png
awkward_monke,https://emoji.gg/assets/emoji/7561_awkward_monke.png
sorry_what,https://emoji.gg/assets/emoji/3247_sorry_what.png
Stonks,https://emoji.gg/assets/emoji/6645_Stonks.png
lul,https://emoji.gg/assets/emoji/9452_lul.png
doubt,https://emoji.gg/assets/emoji/3957_doubt.png
happylittleaccident,https://emoji.gg/assets/emoji/8141_happylittleaccident.png
wut,https://emoji.gg/assets/emoji/9691_wut.png
gachiBASS,https://emoji.gg/assets/emoji/gachiBASS.png
popcatpopcorn,https://emoji.gg/assets/emoji/4330-popcatpopcorn.gif
wat,https://emoji.gg/assets/emoji/8031-wat.png
DiCaprioLaugh,https://emoji.gg/assets/emoji/4352_DiCaprioLaugh.png
LookFish,https://emoji.gg/assets/emoji/9783_LookFish.png
nowletmethink,https://emoji.gg/assets/emoji/8797-nowletmethink.png
PogU,https://emoji.gg/assets/emoji/3913_PogU.png
ElonLOL,https://emoji.gg/assets/emoji/8340_ElonLOL.png
freeman_point,https://emoji.gg/assets/emoji/3520_freeman_point.png
Obamasweat,https://emoji.gg/assets/emoji/1597_Obamasweat.png
Shocked_Mia_Khalifa,https://emoji.gg/assets/emoji/5525_Shocked_Mia_Khalifa.png
PresidentSleeper,https://emoji.gg/assets/emoji/3930_PresidentSleeper.png
catJAM,https://emoji.gg/assets/emoji/5498_catJAM.gif
dance,https://emoji.gg/assets/emoji/1146_dance.gif
PutinPing,https://emoji.gg/assets/emoji/3114_PutinPing.png
LULW,https://emoji.gg/assets/emoji/1557_LULW.png
nervous,https://cdn.discordapp.com/emojis/802084915393855488.png?v=1
facepalm,https://emoji.gg/assets/emoji/2142-face-plam.gif
pepefacepalm,https://emoji.gg/assets/emoji/9207-pepe-facepalm.png
kauc,https://cdn.discordapp.com/attachments/834664171303075862/835505804613386291/unknown.png
aniketmaniket,https://cdn.discordapp.com/attachments/737722082170896486/834664207114960916/1619069849615.jpg
rajumaju,https://cdn.discordapp.com/attachments/737722082170896486/834663415615979530/1619069658522.jpg
b4h,https://cdn.discordapp.com/attachments/834664171303075862/834665698122530816/IMG_1946.JPG
